3|Mateusz Ostafil|gestapo|Berlin|ostafil@codecool.pl|1
4|Agnieszka Koszany|kaczuszka|yellow|koszany@codecool.pl|1
5|Mateusz Steliga|scooby|doo|steliga@codecool.pl|1
6|Przemysław Ciąćka|przemo|paczuszka|ciacka@codecool.pl|2
7|Marcin Izworski|sharp|beef|marcin@codecool.pl|2
11|Dominik Starzyk|domi|Nick|starzyk@codecool.pl|1
